Subjects,Average_grade,Standard_dev
Grade_Math,86.6,5.458937625582473
Grade_Science,89.6,4.159326868617084
Grade_History,86.6,5.458937625582473
