Subject,Average_Grade,Standard_Deviation
Math,86.6,5.458937625582473
Science,89.6,4.159326868617084
History,86.6,5.458937625582473
